tier,code,subreddit,register,analytic_role,governance_hypothesis_to_audit,principal_caveat,thresh_url_page1,thresh_url_page2_template
Core,C1,MiddleEast,Regional discourse,Broad regional framing of the conflict,Moderation patterns not yet verified against current sidebar,Self-selected regional audience; not representative of regional populations,https://www.reddit.com/r/MiddleEast/search.json?limit=100&raw_json=1&q=Iran&restrict_sr=on&sort=top&t=month,https://www.reddit.com/r/MiddleEast/search.json?limit=100&raw_json=1&after=AFTER_CURSOR_FROM_PAGE_1&q=Iran&restrict_sr=on&sort=top&t=month
Core,C2,geopolitics,Analytical discourse,Analytical/strategic register; high signal-to-noise complement to r/worldnews,Submission statements and quality rules likely; verify,Lower volume; analytic register selects for a particular writer,https://www.reddit.com/r/geopolitics/search.json?limit=100&raw_json=1&q=Iran&restrict_sr=on&sort=top&t=month,https://www.reddit.com/r/geopolitics/search.json?limit=100&raw_json=1&after=AFTER_CURSOR_FROM_PAGE_1&q=Iran&restrict_sr=on&sort=top&t=month
Core,C3,politics,US left-leaning baseline,Domestic partisan framing of the war (worked exemplar in this paper),Civility-moderated; AutoModerator present in every thread; headline and paywall flair taxonomy,What appears is the moderated subset; moderator orientation can shape removals,https://www.reddit.com/r/politics/search.json?limit=100&raw_json=1&q=Iran&restrict_sr=on&sort=top&t=month,https://www.reddit.com/r/politics/search.json?limit=100&raw_json=1&after=AFTER_CURSOR_FROM_PAGE_1&q=Iran&restrict_sr=on&sort=top&t=month
Core,C4,Libertarian,War-powers / constitutional,Constitutional and war-powers framing,Verify current rules,Ideologically specific community,https://www.reddit.com/r/Libertarian/search.json?limit=100&raw_json=1&q=Iran&restrict_sr=on&sort=top&t=month,https://www.reddit.com/r/Libertarian/search.json?limit=100&raw_json=1&after=AFTER_CURSOR_FROM_PAGE_1&q=Iran&restrict_sr=on&sort=top&t=month
Core,C5,CredibleDefense,Military / strategic analysis,Substantive military analysis under strict sourcing norms,Strict sourcing and quality moderation; verify,Heavily curated; low volume; expert-leaning self-selection,https://www.reddit.com/r/CredibleDefense/search.json?limit=100&raw_json=1&q=Iran&restrict_sr=on&sort=top&t=month,https://www.reddit.com/r/CredibleDefense/search.json?limit=100&raw_json=1&after=AFTER_CURSOR_FROM_PAGE_1&q=Iran&restrict_sr=on&sort=top&t=month
Special case,S1,worldnews,Mass news aggregation,Narrative amplification and test case for coordinated-activity detection,Large-default moderation; verify,Documented 2018 target of an Iranian influence operation; treat as methodologically distinct,https://www.reddit.com/r/worldnews/search.json?limit=100&raw_json=1&q=Iran&restrict_sr=on&sort=top&t=month,https://www.reddit.com/r/worldnews/search.json?limit=100&raw_json=1&after=AFTER_CURSOR_FROM_PAGE_1&q=Iran&restrict_sr=on&sort=top&t=month
Conditional anchor,A1,iran,Persian / Iranian diaspora,Diaspora and inside-Iran voices,Aggregators report political/religious posting may be restricted to established users; unverified,If political discussion is gated the sample is a curated subset not a community baseline,https://www.reddit.com/r/iran/search.json?limit=100&raw_json=1&q=Iran&restrict_sr=on&sort=top&t=month,https://www.reddit.com/r/iran/search.json?limit=100&raw_json=1&after=AFTER_CURSOR_FROM_PAGE_1&q=Iran&restrict_sr=on&sort=top&t=month
Conditional anchor,A2,iranian,Persian / Iranian diaspora,Second diaspora anchor; contrast with r/iran governance,Openness relative to r/iran unknown; verify,Smaller community; sample size constraint,https://www.reddit.com/r/iranian/search.json?limit=100&raw_json=1&q=Iran&restrict_sr=on&sort=top&t=month,https://www.reddit.com/r/iranian/search.json?limit=100&raw_json=1&after=AFTER_CURSOR_FROM_PAGE_1&q=Iran&restrict_sr=on&sort=top&t=month
Secondary,R1,exmuslim,Ex-Muslim diaspora,Deliberately partial perspective on Iran and human rights,Explicitly anti-religious by design,Reflects ex-Muslim diaspora views; never a stand-in for Iranian communities,https://www.reddit.com/r/exmuslim/search.json?limit=100&raw_json=1&q=Iran&restrict_sr=on&sort=top&t=month,https://www.reddit.com/r/exmuslim/search.json?limit=100&raw_json=1&after=AFTER_CURSOR_FROM_PAGE_1&q=Iran&restrict_sr=on&sort=top&t=month
Secondary,R2,persianculture,Cultural,Cultural framing with lower political volume,Scope and moderation unverified,Speculative fit; verify scope,https://www.reddit.com/r/persianculture/search.json?limit=100&raw_json=1&q=Iran&restrict_sr=on&sort=top&t=month,https://www.reddit.com/r/persianculture/search.json?limit=100&raw_json=1&after=AFTER_CURSOR_FROM_PAGE_1&q=Iran&restrict_sr=on&sort=top&t=month
Secondary,R3,tehran,Local (inside Iran),Inside-Iran perspective,Activity level unverified,Small; sample size constraint,https://www.reddit.com/r/tehran/search.json?limit=100&raw_json=1&q=Iran&restrict_sr=on&sort=top&t=month,https://www.reddit.com/r/tehran/search.json?limit=100&raw_json=1&after=AFTER_CURSOR_FROM_PAGE_1&q=Iran&restrict_sr=on&sort=top&t=month
Secondary,R4,arabs,Regional,Framing counterpart to r/MiddleEast,Verify,Self-selection,https://www.reddit.com/r/arabs/search.json?limit=100&raw_json=1&q=Iran&restrict_sr=on&sort=top&t=month,https://www.reddit.com/r/arabs/search.json?limit=100&raw_json=1&after=AFTER_CURSOR_FROM_PAGE_1&q=Iran&restrict_sr=on&sort=top&t=month
Secondary,R5,Conservative,US right-leaning,Right-leaning counterpart to r/politics,2020-2021 sources describe flaired-users-only threads; verify current practice,If participation is gated it is not a symmetric counterpart to r/politics,https://www.reddit.com/r/Conservative/search.json?limit=100&raw_json=1&q=Iran&restrict_sr=on&sort=top&t=month,https://www.reddit.com/r/Conservative/search.json?limit=100&raw_json=1&after=AFTER_CURSOR_FROM_PAGE_1&q=Iran&restrict_sr=on&sort=top&t=month
Secondary,R6,AskMiddleEast,Regional Q&A,Question-answer register,Verify,Q&A format generates different data; needs analytic adjustment,https://www.reddit.com/r/AskMiddleEast/search.json?limit=100&raw_json=1&q=Iran&restrict_sr=on&sort=top&t=month,https://www.reddit.com/r/AskMiddleEast/search.json?limit=100&raw_json=1&after=AFTER_CURSOR_FROM_PAGE_1&q=Iran&restrict_sr=on&sort=top&t=month
Secondary,R7,war,Military framing,Military-framing triangulation,Activity level unverified,Different audience from the others,https://www.reddit.com/r/war/search.json?limit=100&raw_json=1&q=Iran&restrict_sr=on&sort=top&t=month,https://www.reddit.com/r/war/search.json?limit=100&raw_json=1&after=AFTER_CURSOR_FROM_PAGE_1&q=Iran&restrict_sr=on&sort=top&t=month
Secondary,R8,IsraelPalestine,Contested conflict space,Narrative analysis; site for studying coordinated communication,Verify,Heavily brigaded from multiple directions; sentiment unreliable,https://www.reddit.com/r/IsraelPalestine/search.json?limit=100&raw_json=1&q=Iran&restrict_sr=on&sort=top&t=month,https://www.reddit.com/r/IsraelPalestine/search.json?limit=100&raw_json=1&after=AFTER_CURSOR_FROM_PAGE_1&q=Iran&restrict_sr=on&sort=top&t=month
Secondary,R9,syriancivilwar,Comparison conflict,Comparison case for how Reddit discusses other regional conflicts,Established analytic norms; verify,Different conflict; comparison only,https://www.reddit.com/r/syriancivilwar/search.json?limit=100&raw_json=1&q=Iran&restrict_sr=on&sort=top&t=month,https://www.reddit.com/r/syriancivilwar/search.json?limit=100&raw_json=1&after=AFTER_CURSOR_FROM_PAGE_1&q=Iran&restrict_sr=on&sort=top&t=month
Excluded,X1,iranian_diaspora,—,Proposed but no evidence of an active community was found,—,Drop unless its existence and activity are confirmed,,
