id,subreddit,title,author,selftext,score,upvote_ratio,num_comments,created_utc,created_date,url,permalink,is_self,flair,domain
1rl58eu,politics,GOP senator allegedly breaks Marine’s hand during protest against Iran war,user_o9jpys,,36098,0.95,2046,1772677283,2026-03-05T02:21:23.000Z,https://www.lgbtqnation.com/2026/03/quick-hit-gop-senator-allegedly-breaks-marines-hand-for-protesting-against-the/,https://reddit.com/r/politics/comments/1rl58eu/gop_senator_allegedly_breaks_marines_hand_during/,false,No Paywall,lgbtqnation.com
1riwvlu,politics,Draft Barron Trump website launches as US strikes Iran,user_74u2la,,33342,0.96,876,1772467632,2026-03-02T16:07:12.000Z,https://www.newsweek.com/barron-trump-military-draft-campaing-us-israel-iran-strikes-middle-east-conflict-11603716,https://reddit.com/r/politics/comments/1riwvlu/draft_barron_trump_website_launches_as_us_strikes/,false,Paywall,newsweek.com
1rlvtyy,politics,"Trump Says 'I Guess' Americans Should Worry About Iran Retaliating on U.S. Soil: 'Like I Said, Some People Will Die'",user_4xjefx,,33253,0.96,2312,1772749564,2026-03-05T22:26:04.000Z,https://people.com/trump-says-i-guess-americans-should-worry-about-iran-attacks-11920588?utm_campaign=peoplemagazine&utm_medium=social&utm_source=reddit.com&utm_content=post,https://reddit.com/r/politics/comments/1rlvtyy/trump_says_i_guess_americans_should_worry_about/,false,No Paywall,people.com
1rv3ygn,politics,Donald Trump Stuns With 'Maybe We Shouldn't Even Be There' Admission About Iran War,user_3fg4bs,,32458,0.96,2494,1773650193,2026-03-16T08:36:33.000Z,https://www.huffpost.com/entry/donald-trump-be-there-remark-iran_n_69b7a00ce4b0fa6e89804bb0,https://reddit.com/r/politics/comments/1rv3ygn/donald_trump_stuns_with_maybe_we_shouldnt_even_be/,false,No Paywall,huffpost.com
1rgzu5x,politics,MAGA Melts Down Over Iran War No One Voted For,user_5gv2ep,,30427,0.92,2274,1772276492,2026-02-28T11:01:32.000Z,https://www.thedailybeast.com/maga-melts-down-over-iran-war-no-one-voted-for/,https://reddit.com/r/politics/comments/1rgzu5x/maga_melts_down_over_iran_war_no_one_voted_for/,false,Possible Paywall,thedailybeast.com
1rjsxvr,politics,Kash Patel Fired Entire Team of Iran Experts Right Before Trump’s War,user_l8k2t1,,29336,0.97,1015,1772553272,2026-03-03T15:54:32.000Z,https://newrepublic.com/post/207263/kash-patel-fired-iran-experts-donald-trump-war,https://reddit.com/r/politics/comments/1rjsxvr/kash_patel_fired_entire_team_of_iran_experts/,false,Possible Paywall,newrepublic.com
1rwcjn6,politics,Half of Americans believe Trump bombed Iran because of Epstein files,user_mss6yh,,29082,0.98,800,1773767238,2026-03-17T17:07:18.000Z,https://www.telegraph.co.uk/us/politics/2026/03/17/americans-trump-iran-war-epstein-poll/,https://reddit.com/r/politics/comments/1rwcjn6/half_of_americans_believe_trump_bombed_iran/,false,Possible Paywall,telegraph.co.uk
1rrvzfj,politics,John Fetterman Says Iran Girls’ School Strike Is Just a Leftist Craze,user_1rsdei,,26685,0.91,3992,1773333991,2026-03-12T16:46:31.000Z,https://newrepublic.com/post/207677/john-fetterman-iran-girls-school-strike,https://reddit.com/r/politics/comments/1rrvzfj/john_fetterman_says_iran_girls_school_strike_is/,false,Possible Paywall,newrepublic.com
1rjw3qb,politics,Military Leaders Say Iran War Is So Trump Can Bring About “Armageddon”,user_pwmjuz,,26031,0.95,2722,1772560180,2026-03-03T17:49:40.000Z,https://newrepublic.com/post/207270/military-leaders-iran-war-donald-trump-jesus-armageddon,https://reddit.com/r/politics/comments/1rjw3qb/military_leaders_say_iran_war_is_so_trump_can/,false,Possible Paywall,newrepublic.com
1rw7roa,politics,Top US counterterrorism official resigns over Iran war,user_ic672u,,25246,0.98,799,1773757004,2026-03-17T14:16:44.000Z,https://www.bbc.co.uk/news/articles/cg4g66r3z40o,https://reddit.com/r/politics/comments/1rw7roa/top_us_counterterrorism_official_resigns_over/,false,Possible Paywall,bbc.co.uk
1rii63x,politics,"Trump Should Be Impeached, Removed From Office for Illegal War on Iran",user_brf5g5,,24628,0.94,989,1772422707,2026-03-02T03:38:27.000Z,https://www.commondreams.org/opinion/impeach-trump-iran-war,https://reddit.com/r/politics/comments/1rii63x/trump_should_be_impeached_removed_from_office_for/,false,No Paywall,commondreams.org
1ri5lu6,politics,“He Could be Impeached.” Donald Trump’s Base Revolts Over War with Iran,user_jzycre,,24408,0.92,1457,1772391349,2026-03-01T18:55:49.000Z,https://www.vanityfair.com/news/story/maga-reaction-donald-trump-iran-attack-war,https://reddit.com/r/politics/comments/1ri5lu6/he_could_be_impeached_donald_trumps_base_revolts/,false,Possible Paywall,vanityfair.com
1rkpg2q,politics,‘We’re not at war right now’: House Speaker Johnson makes stunning claim after Trump’s barrage on Iran,user_4i191g,,23707,0.96,2001,1772640472,2026-03-04T16:07:52.000Z,https://www.independent.co.uk/news/world/americas/us-politics/mike-johnson-trump-war-iran-b2931950.html,https://reddit.com/r/politics/comments/1rkpg2q/were_not_at_war_right_now_house_speaker_johnson/,false,No Paywall,independent.co.uk
1rlhpnx,politics,"While Cost of Living Soars and Healthcare Taken Away, Trump Spending $1 Billion Per Day in War of Choice With Iran",user_l8k2t1,,21222,0.97,697,1772717528,2026-03-05T13:32:08.000Z,https://www.commondreams.org/news/what-s-the-cost-of-iran-war,https://reddit.com/r/politics/comments/1rlhpnx/while_cost_of_living_soars_and_healthcare_taken/,false,No Paywall,commondreams.org
1rrloh9,politics,Trump suddenly seems anxious to end the war as American casualties mount and Iran finds ways to hit back,user_i1skcl,,21198,0.97,1251,1773306264,2026-03-12T09:04:24.000Z,https://www.foxnews.com/media/trump-suddenly-seems-anxious-end-war-american-casualties-mount-iran-finds-ways-hit-back?intcmp=fb_fnc&utm_campaign=trueanthem&utm_medium=social&utm_source=facebook&fbclid=Iwb21leAQfYCBleHRuA2FlbQIxMQBzcnRjBmFwcF9pZAwzNTA2ODU1MzE3MjgAAR7fKMtMYSnMzv8i0PEvbNC8rQL4TEjGMRtGOPnP-02mKupgQWAQPSh7w2UPLQ_aem_fhbKEIJRNzYLPvM4tPaLJA,https://reddit.com/r/politics/comments/1rrloh9/trump_suddenly_seems_anxious_to_end_the_war_as/,false,No Paywall,foxnews.com
1rh5nr9,politics,Kaine: Trump ‘too mentally incapacitated’ to understand he set stage for Iran nuclear development,user_hxpp7o,,20406,0.97,412,1772293045,2026-02-28T15:37:25.000Z,https://thehill.com/homenews/senate/5760434-kaine-trump-us-iran-strikes-nuclear/,https://reddit.com/r/politics/comments/1rh5nr9/kaine_trump_too_mentally_incapacitated_to/,false,No Paywall,thehill.com
1rk85e7,politics,Democrats Raise Alarms About Trump’s War In Iran After Classified Briefing,user_5pj6i5,,19905,0.97,1080,1772588092,2026-03-04T01:34:52.000Z,https://www.huffpost.com/entry/democrats-raise-alarms-trump-iran-war_n_69a75d90e4b0c9c664ada332?utm_medium=Social&utm_source=reddit&utm_campaign=us_main,https://reddit.com/r/politics/comments/1rk85e7/democrats_raise_alarms_about_trumps_war_in_iran/,false,No Paywall,huffpost.com
1rjueim,politics,Troops Being Told To Prepare for ‘Armageddon’ In Iran,user_bbmeg,,19719,0.97,2004,1772556511,2026-03-03T16:48:31.000Z,https://www.huffpost.com/entry/troops-being-told-to-prepare-for-armageddon-in-iran_n_69a6ffe3e4b076ac5d63c82c?ncid=NEWSSTAND0001,https://reddit.com/r/politics/comments/1rjueim/troops_being_told_to_prepare_for_armageddon_in/,false,Site Altered Headline | No Paywall,huffpost.com
1rubs7l,politics,"Ben Rhodes calls for primaries against Democrats who support Iran war | ‘If you can't stand against that, you don't stand for a f***ing thing,’ the former Obama admin official said",user_uuxe74,,19286,0.97,848,1773574439,2026-03-15T11:33:59.000Z,https://jewishinsider.com/2026/03/ben-rhodes-democrats-iran-war-support-primaries/,https://reddit.com/r/politics/comments/1rubs7l/ben_rhodes_calls_for_primaries_against_democrats/,false,Possible Paywall,jewishinsider.com
1rkz4zq,politics,"Majority of US Senate votes to block bid to rein in Trump Iran war powers, voting continues",user_nr1h8d,,19033,0.96,1435,1772661912,2026-03-04T22:05:12.000Z,https://www.reuters.com/world/us/majority-us-senate-votes-block-bid-rein-trump-iran-war-powers-voting-continues-2026-03-04/,https://reddit.com/r/politics/comments/1rkz4zq/majority_of_us_senate_votes_to_block_bid_to_rein/,false,Possible Paywall,reuters.com
1rsq7un,politics,Send the Billionaires' Kids to Fight Trump's Iran War,user_brf5g5,,18605,0.98,466,1773415244,2026-03-13T15:20:44.000Z,https://www.commondreams.org/opinion/bring-back-the-draft,https://reddit.com/r/politics/comments/1rsq7un/send_the_billionaires_kids_to_fight_trumps_iran/,false,No Paywall,commondreams.org
1rhd1m7,politics,Only 21% of Americans Support the United States Initiating an Attack on Iran,user_vq3zze,,17396,0.95,1313,1772310389,2026-02-28T20:26:29.000Z,https://www.nytimes.com/2026/02/28/us/politics/poll-americans-support-iran-attack.html,https://reddit.com/r/politics/comments/1rhd1m7/only_21_of_americans_support_the_united_states/,false,Possible Paywall,nytimes.com
1rw76yb,politics,"Top counterterrorism official Kent resigns over Trump's Iran war, says Iran posed no imminent threat",user_6v3sf5,,17059,0.98,808,1773755680,2026-03-17T13:54:40.000Z,https://apnews.com/article/trump-iran-war-kent-resignation-e2e17a76d79617a68370f076c0291208?utm_source=onesignal&utm_medium=push&utm_campaign=2026-03-17-Breaking+News,https://reddit.com/r/politics/comments/1rw76yb/top_counterterrorism_official_kent_resigns_over/,false,No Paywall,apnews.com
1rkozvr,politics,Dems React to Classified Briefing on Iran: ‘It Is So Much Worse Than You Thought’,user_pbu0u8,,16529,0.98,919,1772639488,2026-03-04T15:51:28.000Z,https://www.rollingstone.com/politics/politics-news/democrats-react-classified-briefing-iran-1235524696/,https://reddit.com/r/politics/comments/1rkozvr/dems_react_to_classified_briefing_on_iran_it_is/,false,Possible Paywall,rollingstone.com
1rts1x1,politics,Trump Adviser Warns of Possible Israel Nuclear Escalation in Iran Conflict,user_ae127i,,16145,0.94,2985,1773515550,2026-03-14T19:12:30.000Z,https://www.newsweek.com/david-sacks-trump-administration-israel-nuclear-escalation-iran-war-11678063,https://reddit.com/r/politics/comments/1rts1x1/trump_adviser_warns_of_possible_israel_nuclear/,false,Paywall,newsweek.com
1risyvm,politics,Hegseth says Iran won’t be a ‘politically correct’ war as he lays out US objectives: ‘No democracy-building exercise’,user_4i191g,,16124,0.96,2324,1772458466,2026-03-02T13:34:26.000Z,https://www.independent.co.uk/news/world/americas/us-politics/iran-strikes-trump-hegseth-speech-b2930211.html,https://reddit.com/r/politics/comments/1risyvm/hegseth_says_iran_wont_be_a_politically_correct/,false,No Paywall,independent.co.uk
1rgwobt,politics,Trump says U.S. military has begun major combat operations in Iran,user_1hllub,,15786,0.97,2703,1772264877,2026-02-28T07:47:57.000Z,https://www.cnbc.com/2026/02/28/trump-us-military-iran-strikes-middle-east-oil.html,https://reddit.com/r/politics/comments/1rgwobt/trump_says_us_military_has_begun_major_combat/,false,No Paywall,cnbc.com
1rhnjw7,politics,Who benefits from Trump’s war in Iran? The answer is disturbingly clear,user_u31bnw,,15773,0.92,1394,1772338526,2026-03-01T04:15:26.000Z,https://www.ms.now/rachel-maddow-show/maddowblog/why-trump-war-iran-benefits,https://reddit.com/r/politics/comments/1rhnjw7/who_benefits_from_trumps_war_in_iran_the_answer/,false,No Paywall,ms.now
1rmtf9z,politics,U.S. Is Running Out of Missiles Thanks to Trump’s War in Iran,user_wk9l9w,,15354,0.95,1339,1772838892,2026-03-06T23:14:52.000Z,https://newrepublic.com/post/207477/united-states-running-out-missiles-donald-trump-iran,https://reddit.com/r/politics/comments/1rmtf9z/us_is_running_out_of_missiles_thanks_to_trumps/,false,Possible Paywall,newrepublic.com
1rtycil,politics,Trump's FCC Chair Threatens to Pull Broadcast Licenses Over Negative Iran War Coverage,user_7fxb2w,,15005,0.98,993,1773530804,2026-03-14T23:26:44.000Z,https://www.commondreams.org/news/fcc-chair-carr-threatens,https://reddit.com/r/politics/comments/1rtycil/trumps_fcc_chair_threatens_to_pull_broadcast/,false,No Paywall,commondreams.org
1rpdwht,politics,Trump Went to War With Iran Because Jared Kushner Is a Fool,user_hxpp7o,,14719,0.97,468,1773092892,2026-03-09T21:48:12.000Z,https://newrepublic.com/post/207554/donald-trump-iran-war-iran-jared-kushner-steve-witkoff,https://reddit.com/r/politics/comments/1rpdwht/trump_went_to_war_with_iran_because_jared_kushner/,false,Possible Paywall,newrepublic.com
1rh4n1x,politics,Democrats demand war powers vote after U.S. strikes Iran,user_sqdqck,,14712,0.98,308,1772290494,2026-02-28T14:54:54.000Z,https://www.axios.com/2026/02/28/trump-iran-congress-war-powers-vote,https://reddit.com/r/politics/comments/1rh4n1x/democrats_demand_war_powers_vote_after_us_strikes/,false,Possible Paywall,axios.com
1rlph8z,politics,AOC says Trump is willing to ‘risk world war’ by using Iran attack as Epstein files distraction,user_mss6yh,,14558,0.98,340,1772735472,2026-03-05T18:31:12.000Z,https://www.the-independent.com/news/world/americas/us-politics/aoc-trump-epstein-files-iran-b2932780.html,https://reddit.com/r/politics/comments/1rlph8z/aoc_says_trump_is_willing_to_risk_world_war_by/,false,No Paywall,the-independent.com
1rwtcho,politics,'Apparently I’m an idiot’: Three-time Trump voter in Pennsylvania sounds off on Iran war,user_j1f6qw,,14171,0.97,948,1773805930,2026-03-18T03:52:10.000Z,https://www.nbcnews.com/meet-the-press/video/-apparently-i-m-an-idiot-three-time-trump-voter-in-pennsylvania-sounds-off-on-iran-war-259487301657,https://reddit.com/r/politics/comments/1rwtcho/apparently_im_an_idiot_threetime_trump_voter_in/,false,No Paywall,nbcnews.com
1rkmkvm,politics,Trump Team Scrambles Over Rubio’s Admission About Israel and Iran,user_l8k2t1,,13214,0.98,499,1772633851,2026-03-04T14:17:31.000Z,https://newrepublic.com/post/207325/donald-trump-marco-rubio-israel-iran,https://reddit.com/r/politics/comments/1rkmkvm/trump_team_scrambles_over_rubios_admission_about/,false,Possible Paywall,newrepublic.com
1rlwtrb,politics,Five Democrats Kill War Powers Resolution to Rein in Trump on Iran,user_ho1xsa,,12949,0.96,1325,1772751875,2026-03-05T23:04:35.000Z,https://newrepublic.com/post/207425/every-democrat-killed-war-powers-resolution-trump-iran,https://reddit.com/r/politics/comments/1rlwtrb/five_democrats_kill_war_powers_resolution_to_rein/,false,Possible Paywall,newrepublic.com
1rix8ma,politics,Ted Cruz: ‘No indication’ that Iran was ‘close to getting nuclear weapons’,user_wlsqme,,12577,0.99,558,1772468410,2026-03-02T16:20:10.000Z,https://thehill.com/homenews/senate/5762576-ted-cruz-iran-nuclear-strike/,https://reddit.com/r/politics/comments/1rix8ma/ted_cruz_no_indication_that_iran_was_close_to/,false,No Paywall,thehill.com
1rasglx,politics,Top Democrat Says 'Billionaire Epstein Class' Pushing for U.S. War on Iran,user_uuxe74,,12120,0.98,291,1771684118,2026-02-21T14:28:38.000Z,https://www.haaretz.com/us-news/2026-02-19/ty-article/.premium/top-democrat-says-billionaire-epstein-class-pushing-for-u-s-war-on-iran/0000019c-74f0-d759-a7bf-fefaa85b0000,https://reddit.com/r/politics/comments/1rasglx/top_democrat_says_billionaire_epstein_class/,false,No Paywall,haaretz.com
1ryucv9,politics,Trump’s War With Iran Is a Product of His Deep Stupidity,user_orza08,,12044,0.98,527,1774008094,2026-03-20T12:01:34.000Z,https://newrepublic.com/post/207989/trump-war-iran-cause-stupidity,https://reddit.com/r/politics/comments/1ryucv9/trumps_war_with_iran_is_a_product_of_his_deep/,false,Possible Paywall,newrepublic.com
1rhcgd2,politics,US-Iran strikes: Iran Supreme Leader Ayatollah Ali Khamanei killed,user_kebblz,,11852,0.97,1795,1772308990,2026-02-28T20:03:10.000Z,https://www.newsweek.com/us-iran-strikes-iran-supreme-leader-ayatollah-ali-khamanei-killed-11598102,https://reddit.com/r/politics/comments/1rhcgd2/usiran_strikes_iran_supreme_leader_ayatollah_ali/,false,Site Altered Headline | Paywall,newsweek.com
1rriump,politics,Every Senate Dem But Fetterman Signs Call for Probe of Iran School Massacre,user_uuxe74,,11454,0.99,767,1773295512,2026-03-12T06:05:12.000Z,https://www.commondreams.org/news/fetterman-iran,https://reddit.com/r/politics/comments/1rriump/every_senate_dem_but_fetterman_signs_call_for/,false,No Paywall,commondreams.org
1rhvefk,politics,Democratic Leaders Face Backlash Over 'Cowardly' Responses to Trump War on Iran,user_aml93w,,11434,0.95,1579,1772365806,2026-03-01T11:50:06.000Z,https://www.commondreams.org/news/schumer-jeffries-iran-war,https://reddit.com/r/politics/comments/1rhvefk/democratic_leaders_face_backlash_over_cowardly/,false,No Paywall,commondreams.org
1rphsyj,politics,Democrats vow to shut down Senate over Iran conflict,user_lhwxdh,,11324,0.98,818,1773102088,2026-03-10T00:21:28.000Z,https://thehill.com/homenews/senate/5776021-democrats-iran-conflict-war-powers/,https://reddit.com/r/politics/comments/1rphsyj/democrats_vow_to_shut_down_senate_over_iran/,false,No Paywall,thehill.com
1rkv29e,politics,Hegseth criticizes media for making US deaths in Iran war front-page news,user_inkavd,,11035,0.98,599,1772652678,2026-03-04T19:31:18.000Z,https://thehill.com/policy/defense/5766791-iran-drone-strike-kuwait/amp/,https://reddit.com/r/politics/comments/1rkv29e/hegseth_criticizes_media_for_making_us_deaths_in/,false,No Paywall,thehill.com
1rjwadt,politics,Donald Trump cuts all US trade with Spain over Iran war dispute,user_3xes0l,,10878,0.96,1028,1772560581,2026-03-03T17:56:21.000Z,https://www.jpost.com/international/article-888704,https://reddit.com/r/politics/comments/1rjwadt/donald_trump_cuts_all_us_trade_with_spain_over/,false,No Paywall,jpost.com
1riwah3,politics,"Attacking Iran ‘won’t make the Epstein files go away,’ Republican warns Trump",user_jzycre,,10802,0.99,126,1772466352,2026-03-02T15:45:52.000Z,https://www.the-independent.com/news/world/americas/us-politics/trump-iran-epstein-files-massie-b2930178.html,https://reddit.com/r/politics/comments/1riwah3/attacking_iran_wont_make_the_epstein_files_go/,false,No Paywall,the-independent.com
1roibw7,politics,"Dow Jones Futures Tumble, Oil Tops $110. Iran Names Khamenei's Son As Supreme Leader.",user_upal2l,,10540,0.98,723,1773008363,2026-03-08T22:19:23.000Z,https://www.investors.com/market-trend/stock-market-today/dow-jones-futures-oil-prices-iran-war-supreme-leader/,https://reddit.com/r/politics/comments/1roibw7/dow_jones_futures_tumble_oil_tops_110_iran_names/,false,No Paywall,investors.com
1rhbufx,politics,Majorie Taylor Greene Blasts Trump Admin As 'Sick F**king Liars' After Iran Strikes Divide GOP,user_wlzcno,,10267,0.98,252,1772307557,2026-02-28T19:39:17.000Z,https://www.huffpost.com/entry/trump-iran-strikes-gop-reaction-mtg_n_69a3166ae4b008ee6ce20ed0,https://reddit.com/r/politics/comments/1rhbufx/majorie_taylor_greene_blasts_trump_admin_as_sick/,false,No Paywall,huffpost.com
1rj2mut,politics,Hegseth Makes Shocking Admission on How Iran Strikes Are Operating,user_25k50u,,9894,0.97,966,1772479908,2026-03-02T19:31:48.000Z,https://newrepublic.com/post/207202/hegseth-brags-not-following-rules-engagement-iran,https://reddit.com/r/politics/comments/1rj2mut/hegseth_makes_shocking_admission_on_how_iran/,false,Possible Paywall,newrepublic.com
1rljt82,politics,"People are dying in Iran, and Hegseth is talking like a teen on a ‘Call of Duty’ bender",user_keuzb4,,9800,0.98,314,1772722827,2026-03-05T15:00:27.000Z,https://www.bostonglobe.com/2026/03/05/metro/trump-iran-war-moulton-criticism/?s_campaign=audience:reddit,https://reddit.com/r/politics/comments/1rljt82/people_are_dying_in_iran_and_hegseth_is_talking/,false,Possible Paywall,bostonglobe.com
1rj5nom,politics,South Park writer leads calls for Barron Trump to be drafted as president says more American casualties expected in Iran conflict,user_35jp6q,,9507,0.98,235,1772486501,2026-03-02T21:21:41.000Z,https://www.independent.co.uk/news/world/americas/us-politics/send-barron-trump-parody-website-b2930364.html,https://reddit.com/r/politics/comments/1rj5nom/south_park_writer_leads_calls_for_barron_trump_to/,false,No Paywall,independent.co.uk
1rh05ab,politics,‘Acts of war unauthorized by Congress’: Trump’s congressional critics denounce Iran strikes,user_n5dltx,,9367,0.98,394,1772277562,2026-02-28T11:19:22.000Z,https://www.politico.com/news/2026/02/28/iran-strikes-congress-lawmakers-trump-00805615,https://reddit.com/r/politics/comments/1rh05ab/acts_of_war_unauthorized_by_congress_trumps/,false,Possible Paywall,politico.com
1rlle28,politics,Trump Team Freaking Out About Gas Prices Amid Iran War,user_l8k2t1,,8752,0.98,1040,1772726536,2026-03-05T16:02:16.000Z,https://newrepublic.com/post/207404/trump-team-gas-prices-iran-war,https://reddit.com/r/politics/comments/1rlle28/trump_team_freaking_out_about_gas_prices_amid/,false,Possible Paywall,newrepublic.com
1rh6sx0,politics,"Trump Just Made the World Much More Dangerous | By waging war on Iran, the president is making it more likely that other countries develop nuclear weapons—to protect themselves from the U.S.",user_wdufhn,,8341,0.96,371,1772295785,2026-02-28T16:23:05.000Z,https://newrepublic.com/article/207182/trump-iran-attack-nuclear-weapons-proliferation,https://reddit.com/r/politics/comments/1rh6sx0/trump_just_made_the_world_much_more_dangerous_by/,false,Possible Paywall,newrepublic.com
1rrnjwi,politics,"Trump’s Iran Blunders Suddenly Look Darker after Damning New Leaks Hit: ‘As brutal revelations emerge about Trump’s handling of the war, a foreign policy expert explains why he won’t be able to extricate us from this debacle anytime soon—and provides a roadmap to what’s next’",user_o4s3b,,8302,0.97,857,1773312934,2026-03-12T10:55:34.000Z,https://newrepublic.com/article/207666/trump-iran-blunders-suddenly-look-darker-damning-new-leaks-hit,https://reddit.com/r/politics/comments/1rrnjwi/trumps_iran_blunders_suddenly_look_darker_after/,false,Possible Paywall,newrepublic.com
1ro6kxi,politics,Hakeem Jeffries won't commit to blocking additional Iran war funding,user_kas3rd,,8148,0.96,1413,1772980990,2026-03-08T14:43:10.000Z,https://www.nbcnews.com/politics/congress/hakeem-jeffries-wont-commit-iran-war-funding-defense-department-rcna262271,https://reddit.com/r/politics/comments/1ro6kxi/hakeem_jeffries_wont_commit_to_blocking/,false,No Paywall,nbcnews.com
1rq7c0i,politics,"Iran begins laying mines in Strait of Hormuz, sources say",user_244j,,8063,0.98,1281,1773172181,2026-03-10T19:49:41.000Z,https://www.cnn.com/2026/03/10/politics/iran-begins-laying-mines-in-strait-of-hormuz?utm_medium=social&utm_campaign=missions&utm_source=reddit,https://reddit.com/r/politics/comments/1rq7c0i/iran_begins_laying_mines_in_strait_of_hormuz/,false,Possible Paywall,cnn.com
1ry8s8i,politics,Kash Patel Plays Dumb About Firing Iran Experts Days Before War,user_9lyond,,7997,0.98,230,1773945636,2026-03-19T18:40:36.000Z,https://newrepublic.com/post/207986/kash-patel-plays-dumb-fired-iran-experts-before-war,https://reddit.com/r/politics/comments/1ry8s8i/kash_patel_plays_dumb_about_firing_iran_experts/,false,Possible Paywall,newrepublic.com
1rner3r,politics,"Senator Brags About How He Manipulated Trump, 79, Into War - Lindsey Graham admitted he spoke with the leaders of two foreign countries before pushing Trump to bomb Iran.",user_wlsqme,,7855,0.98,355,1772902128,2026-03-07T16:48:48.000Z,https://www.thedailybeast.com/senator-lindsey-graham-brags-about-how-he-manipulated-trump-79-into-war-with-iran/,https://reddit.com/r/politics/comments/1rner3r/senator_brags_about_how_he_manipulated_trump_79/,false,Possible Paywall,thedailybeast.com
1rje4o7,politics,Frantic Vance Backpedals as He Gets Fingered for Iran War,user_v9zieg,,7851,0.95,674,1772507492,2026-03-03T03:11:32.000Z,https://www.thedailybeast.com/frantic-vance-backpedals-as-he-gets-fingered-for-iran-war/,https://reddit.com/r/politics/comments/1rje4o7/frantic_vance_backpedals_as_he_gets_fingered_for/,false,Site Altered Headline | Possible Paywall,thedailybeast.com
1ryinhd,politics,Father of service member killed in Iran war said he never told Pete Hegseth to 'finish' the job,user_gf3osy,,7850,0.99,243,1773969543,2026-03-20T01:19:03.000Z,https://www.nbcnews.com/politics/donald-trump/father-servicemember-killed-iran-war-never-told-hegseth-finish-the-job-rcna264297,https://reddit.com/r/politics/comments/1ryinhd/father_of_service_member_killed_in_iran_war_said/,false,No Paywall,nbcnews.com
1ro1y6r,politics,‘A very dangerous person’: alarm as Pete Hegseth revels in carnage of Iran war,user_eymxej,,7662,0.98,294,1772967201,2026-03-08T10:53:21.000Z,https://www.theguardian.com/us-news/2026/mar/08/pete-hegseth-pentagon-trump-iran,https://reddit.com/r/politics/comments/1ro1y6r/a_very_dangerous_person_alarm_as_pete_hegseth/,false,No Paywall,theguardian.com
1ri4m1i,politics,'Insane This Is Legal': Bettors Make Huge Profits From Suspiciously Timed Wagers on Iran War,user_qef3hn,,7558,0.98,328,1772389178,2026-03-01T18:19:38.000Z,https://www.commondreams.org/news/insane-this-is-legal-bettors-make-huge-profits-from-suspiciously-timed-wagers-on-iran-war,https://reddit.com/r/politics/comments/1ri4m1i/insane_this_is_legal_bettors_make_huge_profits/,false,No Paywall,commondreams.org
1rlvudu,politics,The Most Chilling Detail in the U.S. Attack on an Iran Naval Ship: The Iranian warship was taking part in an international exercise with many other countries—including the United States.,user_9lyond,,7509,0.94,1668,1772749592,2026-03-05T22:26:32.000Z,https://newrepublic.com/post/207429/us-attack-iran-naval-ship,https://reddit.com/r/politics/comments/1rlvudu/the_most_chilling_detail_in_the_us_attack_on_an/,false,Possible Paywall,newrepublic.com
1rsw9dq,politics,"Raging at Media, Pete Hegseth Just Said the Quiet Part Out Loud | He wants “patriotic” coverage of the Iran war. He doesn’t understand: In a democracy, coverage that asks difficult questions of the government is itself “patriotic.”",user_wdufhn,,7407,0.99,242,1773428248,2026-03-13T18:57:28.000Z,https://newrepublic.com/article/207760/pete-hegseth-iran-war-patriotic-media-coverage,https://reddit.com/r/politics/comments/1rsw9dq/raging_at_media_pete_hegseth_just_said_the_quiet/,false,Possible Paywall,newrepublic.com
1rqrl24,politics,Putin gives Trump easy way out of confused Iran war strategy – and he might take it,user_yzl6qv,,7297,0.96,522,1773229826,2026-03-11T11:50:26.000Z,https://www.independent.co.uk/news/world/middle-east/putin-trump-iran-war-oil-sanctions-russia-ukraine-b2936030.html,https://reddit.com/r/politics/comments/1rqrl24/putin_gives_trump_easy_way_out_of_confused_iran/,false,No Paywall,independent.co.uk
1rixi9w,politics,Donald Trump Faces Impeachment Calls as Iran War Explodes,user_mss6yh,,7239,0.98,210,1772468985,2026-03-02T16:29:45.000Z,https://www.newsweek.com/donald-trump-faces-impeachment-calls-iran-war-11605228,https://reddit.com/r/politics/comments/1rixi9w/donald_trump_faces_impeachment_calls_as_iran_war/,false,Paywall,newsweek.com
1runeip,politics,The Iran war may be about to escalate,user_4pi120,,7212,0.94,1209,1773603307,2026-03-15T19:35:07.000Z,https://www.economist.com/middle-east-and-africa/2026/03/15/the-iran-war-may-be-about-to-escalate,https://reddit.com/r/politics/comments/1runeip/the_iran_war_may_be_about_to_escalate/,false,Paywall,economist.com
1rjwxn1,politics,"US Troops were told Iran war is for ‘Armageddon,’ return of Jesus",user_ae127i,,7173,0.97,600,1772561936,2026-03-03T18:18:56.000Z,https://asiatimes.com/2026/03/us-troops-were-told-iran-war-is-for-armageddon-return-of-jesus/,https://reddit.com/r/politics/comments/1rjwxn1/us_troops_were_told_iran_war_is_for_armageddon/,false,No Paywall,asiatimes.com
1rq0f9b,politics,Trump Made Massive “Tactical Error” on Iran During Ukraine Talks | One U.S. official described it as the biggest mistake Donald Trump made in the lead-up to the war.,user_wdufhn,,7098,0.97,461,1773157458,2026-03-10T15:44:18.000Z,https://newrepublic.com/post/207569/donald-trump-tactical-error-iran-ukraine-drones,https://reddit.com/r/politics/comments/1rq0f9b/trump_made_massive_tactical_error_on_iran_during/,false,Possible Paywall,newrepublic.com
1rwar84,politics,DOGE Cuts Purged Entire Team of Oil and Gas Experts Before Iran War,user_9lyond,,6964,0.99,167,1773763489,2026-03-17T16:04:49.000Z,https://newrepublic.com/post/207857/doge-oil-gas-experts-fired-state-department-iran-war,https://reddit.com/r/politics/comments/1rwar84/doge_cuts_purged_entire_team_of_oil_and_gas/,false,Possible Paywall,newrepublic.com
1rv5uec,politics,Trump Floats 'Charges for Treason' Against Media Outlets Over Iran War Coverage,user_qef3hn,,6789,0.97,569,1773657126,2026-03-16T10:32:06.000Z,https://www.commondreams.org/news/trump-treason-charges-media,https://reddit.com/r/politics/comments/1rv5uec/trump_floats_charges_for_treason_against_media/,false,No Paywall,commondreams.org
1rx3zr9,politics,“Worthless Pile of Sh*t”: Trump Voter Rips Into Him Over Iran War | Donald Trump’s supporters are tired of his broken promises.,user_wdufhn,,6746,0.97,360,1773840731,2026-03-18T13:32:11.000Z,https://newrepublic.com/post/207899/donald-trump-voter-iran-war,https://reddit.com/r/politics/comments/1rx3zr9/worthless_pile_of_sht_trump_voter_rips_into_him/,false,Possible Paywall,newrepublic.com
1rmg4pq,politics,Military Secretly Admit U.S. Role in Iran School Bomb Horror,user_vq3zze,,6741,0.94,398,1772808909,2026-03-06T14:55:09.000Z,https://www.thedailybeast.com/us-forces-likely-behind-deadly-iran-girls-school-strike/,https://reddit.com/r/politics/comments/1rmg4pq/military_secretly_admit_us_role_in_iran_school/,false,Site Altered Headline | Possible Paywall,thedailybeast.com
1roxv3w,politics,‘We are going make a tonne of money’: US Senator Graham on US war on Iran,user_p67gme,,6718,0.97,639,1773056323,2026-03-09T11:38:43.000Z,https://www.aljazeera.com/news/2026/3/9/we-are-going-make-a-tonne-of-money-us-senator-graham-on-us-war-on-iran,https://reddit.com/r/politics/comments/1roxv3w/we_are_going_make_a_tonne_of_money_us_senator/,false,No Paywall,aljazeera.com
1rwoor2,politics,MAGA overwhelmingly supports war in Iran with nearly 90% backing Trump’s attacks,user_4i191g,,6215,0.94,1321,1773793518,2026-03-18T00:25:18.000Z,https://www.independent.co.uk/news/world/americas/us-politics/maga-trump-iran-war-support-poll-b2940610.html,https://reddit.com/r/politics/comments/1rwoor2/maga_overwhelmingly_supports_war_in_iran_with/,false,No Paywall,independent.co.uk
1rhwq9p,politics,Rachel Maddow urges Americans to consider ‘Who benefits?’ from Trump’s war with Iran,user_ok9xow,,6155,0.96,567,1772370090,2026-03-01T13:01:30.000Z,https://www.advocate.com/politics/national/rachel-maddow-trump-iran-war,https://reddit.com/r/politics/comments/1rhwq9p/rachel_maddow_urges_americans_to_consider_who/,false,No Paywall,advocate.com
1rqrxzi,politics,"Trump’s plan in Iran is not ‘regime change’ but ‘endless war,’ senior Democrat says after intelligence briefing",user_m537gp,,5991,0.98,241,1773230790,2026-03-11T12:06:30.000Z,https://www.independent.co.uk/news/world/americas/us-politics/trump-plan-iran-regime-change-endless-war-murphy-b2936273.html,https://reddit.com/r/politics/comments/1rqrxzi/trumps_plan_in_iran_is_not_regime_change_but/,false,No Paywall,independent.co.uk
1rpwc1d,politics,Trump’s Sons Accused of Trying to Profit Off Iran War With Drone Investment,user_l4ax6d,,5999,0.99,135,1773147776,2026-03-10T13:02:56.000Z,https://truthout.org/articles/trumps-sons-accused-of-trying-to-profit-off-iran-war-with-drone-investment/,https://reddit.com/r/politics/comments/1rpwc1d/trumps_sons_accused_of_trying_to_profit_off_iran/,false,No Paywall,truthout.org
1rh5fob,politics,Trump Parties at Flashy Gala as Troops Are Warned They May Die in Iran,user_lcfk7r,,5917,0.97,196,1772292481,2026-02-28T15:28:01.000Z,https://www.thedailybeast.com/trump-parties-at-flashy-gala-as-troops-are-warned-they-may-die-in-iran/,https://reddit.com/r/politics/comments/1rh5fob/trump_parties_at_flashy_gala_as_troops_are_warned/,false,Possible Paywall,thedailybeast.com
1rp3pht,politics,"Oil Over $100, Markets in Freefall, and Iran's New Supreme Leader is Trump's 'Worst Case' Scenario",user_o4s3b,,5880,0.98,560,1773071109,2026-03-09T15:45:09.000Z,https://fortune.com/2026/03/09/oil-price-100-stocks-in-freefall-iran-new-supreme-leader-trump-worst-case-scenario/,https://reddit.com/r/politics/comments/1rp3pht/oil_over_100_markets_in_freefall_and_irans_new/,false,Possible Paywall,fortune.com
1rrv2bf,politics,"Iran was nowhere close to a nuclear bomb, experts say",user_2nt4mj,,5861,0.97,391,1773331996,2026-03-12T16:13:16.000Z,https://www.scientificamerican.com/article/iran-was-nowhere-close-to-a-nuclear-bomb-experts-say/,https://reddit.com/r/politics/comments/1rrv2bf/iran_was_nowhere_close_to_a_nuclear_bomb_experts/,false,Possible Paywall,scientificamerican.com
1rjx5wm,politics,"US Commanders Want to Make War With Iran as ‘Bloody’ as Possible to Bring About Biblical End Times, Officers Report",user_brf5g5,,5567,0.97,724,1772562415,2026-03-03T18:26:55.000Z,https://www.commondreams.org/news/iran-armageddon-military,https://reddit.com/r/politics/comments/1rjx5wm/us_commanders_want_to_make_war_with_iran_as/,false,No Paywall,commondreams.org
1rod1m6,politics,Lindsey Graham: $1 Billion A Day For Iran War Is 'Best Money' U.S. Has 'Ever Spent',user_5pj6i5,,5480,0.94,881,1772996123,2026-03-08T18:55:23.000Z,https://www.huffpost.com/entry/lindsey-graham-iran-war-best-money-ever-spent_n_69ad8d35e4b0258d5b092db4?utm_medium=Social&utm_source=reddit&utm_campaign=us_main,https://reddit.com/r/politics/comments/1rod1m6/lindsey_graham_1_billion_a_day_for_iran_war_is/,false,No Paywall,huffpost.com
1rwff5v,politics,Iran may be where the US-led world order ends,user_mn2j2h,,5341,0.96,451,1773773128,2026-03-17T18:45:28.000Z,https://asiatimes.com/2026/03/iran-may-be-where-the-us-led-world-order-ends/,https://reddit.com/r/politics/comments/1rwff5v/iran_may_be_where_the_usled_world_order_ends/,false,No Paywall,asiatimes.com
1rkjjiy,politics,"After Classified Iran Briefing, Dems More Convinced Trump Wants Ground Invasion and Forever War",user_qef3hn,,5331,0.98,430,1772625432,2026-03-04T11:57:12.000Z,https://www.commondreams.org/news/iran-classified-briefing,https://reddit.com/r/politics/comments/1rkjjiy/after_classified_iran_briefing_dems_more/,false,No Paywall,commondreams.org
1rgvv6z,politics,"The United States is participating in the Israeli strikes against Iran, AP sources say",user_1hllub,,5199,0.97,572,1772262054,2026-02-28T07:00:54.000Z,https://www.sfchronicle.com/news/world/article/witnesses-say-they-hear-an-explosion-in-iran-s-21946867.php,https://reddit.com/r/politics/comments/1rgvv6z/the_united_states_is_participating_in_the_israeli/,false,Site Altered Headline | Possible Paywall,sfchronicle.com
1ru9jet,politics,"Led by Psychopaths, Israel and the U.S. Are Waging a Psychotic War Against Iran",user_oa2nll,,5075,0.94,317,1773566315,2026-03-15T09:18:35.000Z,https://www.haaretz.com/opinion/2026-03-12/ty-article-opinion/.premium/led-by-psychopaths-israel-and-the-u-s-are-waging-a-psychotic-war-against-iran/0000019c-dea8-d24b-a5df-dff8055a0000,https://reddit.com/r/politics/comments/1ru9jet/led_by_psychopaths_israel_and_the_us_are_waging_a/,false,No Paywall,haaretz.com
1rpb734,politics,Trump Admits He’s Totally Caved to Israel on the Iran War - Donald Trump is no longer going to unilaterally decide when the Iran war ends.,user_wlsqme,,4953,0.97,227,1773086993,2026-03-09T20:09:53.000Z,https://newrepublic.com/post/207525/donald-trump-israel-decide-iran-war-ends,https://reddit.com/r/politics/comments/1rpb734/trump_admits_hes_totally_caved_to_israel_on_the/,false,Possible Paywall,newrepublic.com
1riqer7,politics,3 US fighter jets 'mistakenly shot down' by Kuwait air defenses during Iran attacks,user_1xlwkv,,4848,0.98,388,1772451046,2026-03-02T11:30:46.000Z,https://nbc24.com/news/nation-world/3-us-fighter-jets-f15e-strike-eagles-mistakenly-shot-down-by-kuwait-air-defenses-during-iran-attacks-operation-epic-fury-central-command-friendly-fire,https://reddit.com/r/politics/comments/1riqer7/3_us_fighter_jets_mistakenly_shot_down_by_kuwait/,false,No Paywall,nbc24.com
1rw7zi4,politics,Every living former president denies Trump's brazen claim on Iran war,user_wlzcno,,4765,0.99,150,1773757495,2026-03-17T14:24:55.000Z,https://newrepublic.com/post/207850/former-presidents-deny-trump-claim-iran-war,https://reddit.com/r/politics/comments/1rw7zi4/every_living_former_president_denies_trumps/,false,Possible Paywall,newrepublic.com
1rw7eyi,politics,‘I cannot in good conscience support the ongoing war in Iran’: high ranking US intelligence official resigns,user_k6vbkx,,4544,0.98,276,1773756196,2026-03-17T14:03:16.000Z,https://www.cnn.com/2026/03/17/politics/joe-kent-resigns-iran-war,https://reddit.com/r/politics/comments/1rw7eyi/i_cannot_in_good_conscience_support_the_ongoing/,false,Possible Paywall,cnn.com
1rupn1u,politics,"Hegseth's ""no quarter"" Iran talk alarms legal experts",user_hzupdc,,4516,0.98,280,1773608392,2026-03-15T20:59:52.000Z,https://www.axios.com/2026/03/15/trump-hegseth-iran-war-no-quarter,https://reddit.com/r/politics/comments/1rupn1u/hegseths_no_quarter_iran_talk_alarms_legal_experts/,false,Possible Paywall,axios.com
1rtwsgu,politics,"Iran, not the US, currently has the strategic upper hand",user_20uss5,,4393,0.93,804,1773526908,2026-03-14T22:21:48.000Z,https://www.abc.net.au/news/2026-03-14/united-states-iran-war-donald-trump-middle-east-strategy/106436200,https://reddit.com/r/politics/comments/1rtwsgu/iran_not_the_us_currently_has_the_strategic_upper/,false,No Paywall,abc.net.au
1rwnd7f,politics,Retired general: Trump ‘completely mismanaged’ Iran war,user_ihmd3o,,4192,0.98,137,1773790348,2026-03-17T23:32:28.000Z,https://thehill.com/national-security/5788438-retired-general-slams-trump-iran/,https://reddit.com/r/politics/comments/1rwnd7f/retired_general_trump_completely_mismanaged_iran/,false,No Paywall,thehill.com
1rmu2r1,politics,White House Says It “Doesn’t Matter” if Russia Is Helping Iran in War,user_wk9l9w,,4142,0.97,370,1772840480,2026-03-06T23:41:20.000Z,https://newrepublic.com/post/207475/white-house-no-big-deal-russia-helping-iran-war,https://reddit.com/r/politics/comments/1rmu2r1/white_house_says_it_doesnt_matter_if_russia_is/,false,Possible Paywall,newrepublic.com
1rqbbw9,politics,Joe Rogan: Trump supporters ‘feel betrayed’ by ‘insane’ Iran war,user_lhoj7k,,4090,0.93,613,1773180843,2026-03-10T22:14:03.000Z,https://thehill.com/homenews/media/5777560-rogan-trump-iran-war/,https://reddit.com/r/politics/comments/1rqbbw9/joe_rogan_trump_supporters_feel_betrayed_by/,false,No Paywall,thehill.com
1ryupdf,politics,Father of dead serviceman says he never told Hegseth to ‘finish the job’ in Iran,user_hxpp7o,,4091,0.99,119,1774009117,2026-03-20T12:18:37.000Z,https://www.independent.co.uk/news/world/americas/us-politics/military-father-hegseth-finish-the-job-iran-b2942303.html,https://reddit.com/r/politics/comments/1ryupdf/father_of_dead_serviceman_says_he_never_told/,false,No Paywall,independent.co.uk
1roy2jh,politics,"'That Was Done by Iran,' Trump Lies as More Evidence Shows US Was Behind School Massacre",user_brf5g5,,3995,0.98,82,1773056944,2026-03-09T11:49:04.000Z,https://www.commondreams.org/news/trump-lies-iran-school-strike,https://reddit.com/r/politics/comments/1roy2jh/that_was_done_by_iran_trump_lies_as_more_evidence/,false,No Paywall,commondreams.org
1rh0glv,politics,Trump warns some Americans may die amid US strikes in Iran,user_d5clum,,3936,0.98,593,1772278659,2026-02-28T11:37:39.000Z,https://www.reuters.com/world/middle-east/trump-says-us-carrying-out-major-combat-operations-iran-2026-02-28/,https://reddit.com/r/politics/comments/1rh0glv/trump_warns_some_americans_may_die_amid_us/,false,Possible Paywall,reuters.com