day,Military operations,Nuclear program,War powers & Congress,Partisan & leadership,Economic costs,Casualties & humanitarian,Draft & service members,Israel,Iranian regime & people,Diplomacy & ceasefire,Information integrity
2026-02-21 00:00:00+00:00,0.1163,0.0233,0.0465,0.1163,0.093,0.0465,0.0465,0.1163,0.0233,0.0,0.0
2026-02-28 00:00:00+00:00,0.1163,0.0717,0.0833,0.2771,0.0097,0.0465,0.0329,0.0504,0.0349,0.0833,0.0078
2026-03-01 00:00:00+00:00,0.0637,0.0225,0.0674,0.2846,0.0787,0.0375,0.0,0.1311,0.0375,0.0262,0.0037
2026-03-02 00:00:00+00:00,0.1055,0.0408,0.1007,0.199,0.0168,0.0552,0.0264,0.0144,0.0216,0.0096,0.012
2026-03-03 00:00:00+00:00,0.0866,0.014,0.0279,0.2123,0.0168,0.0475,0.0196,0.0419,0.0084,0.0056,0.0
2026-03-04 00:00:00+00:00,0.142,0.0181,0.0665,0.2961,0.0151,0.0816,0.0483,0.0423,0.0151,0.0091,0.006
2026-03-05 00:00:00+00:00,0.0811,0.0203,0.0304,0.2095,0.0507,0.0405,0.0507,0.0574,0.0135,0.0236,0.0
2026-03-06 00:00:00+00:00,0.1707,0.0061,0.0427,0.25,0.0244,0.0793,0.0122,0.0549,0.0,0.0061,0.0122
2026-03-07 00:00:00+00:00,0.1429,0.0084,0.0084,0.2185,0.0504,0.0588,0.0672,0.0588,0.0084,0.0336,0.0084
2026-03-08 00:00:00+00:00,0.0674,0.0225,0.0225,0.2303,0.0618,0.0562,0.0281,0.0674,0.0112,0.0281,0.0112
2026-03-09 00:00:00+00:00,0.1021,0.0298,0.0213,0.2766,0.0979,0.0596,0.0085,0.1277,0.034,0.0255,0.0085
2026-03-10 00:00:00+00:00,0.0696,0.0261,0.0304,0.3043,0.0652,0.0391,0.0087,0.0391,0.0217,0.0174,0.0043
2026-03-11 00:00:00+00:00,0.0855,0.0171,0.0,0.3675,0.0684,0.0342,0.0085,0.1111,0.0513,0.0598,0.0085
2026-03-12 00:00:00+00:00,0.1078,0.0733,0.0345,0.2457,0.0345,0.0991,0.0086,0.0733,0.0216,0.0259,0.0172
2026-03-13 00:00:00+00:00,0.0909,0.0,0.0303,0.1515,0.0101,0.0404,0.0505,0.0101,0.0202,0.0101,0.0101
2026-03-14 00:00:00+00:00,0.1124,0.2135,0.0225,0.2921,0.0112,0.0674,0.0,0.2022,0.0112,0.0225,0.0225
2026-03-15 00:00:00+00:00,0.0733,0.0259,0.0216,0.2802,0.0388,0.0388,0.0172,0.0948,0.0259,0.0517,0.0129
2026-03-16 00:00:00+00:00,0.0348,0.0174,0.0261,0.2696,0.0696,0.0087,0.0,0.0087,0.0174,0.0435,0.0174
2026-03-17 00:00:00+00:00,0.0512,0.006,0.0301,0.2922,0.0241,0.0361,0.0151,0.1416,0.003,0.012,0.009
2026-03-18 00:00:00+00:00,0.0464,0.0052,0.0258,0.4278,0.0773,0.0258,0.0,0.0155,0.0052,0.0,0.0103
2026-03-19 00:00:00+00:00,0.0,0.0217,0.0435,0.1304,0.0435,0.0217,0.0217,0.0,0.0,0.0217,0.0
2026-03-20 00:00:00+00:00,0.0872,0.0201,0.0134,0.4564,0.0537,0.0738,0.0604,0.047,0.0268,0.0201,0.0
