date,n,mean_vader,ci_low,ci_high,share_negative
2026-02-21,43,-0.1075,-0.2638,0.0448,0.4186
2026-02-28,516,-0.1918,-0.2371,-0.1481,0.5659
2026-03-01,267,-0.0893,-0.151,-0.0299,0.412
2026-03-02,417,-0.1807,-0.2271,-0.1316,0.506
2026-03-03,358,-0.1585,-0.2095,-0.1091,0.4944
2026-03-04,331,-0.213,-0.2686,-0.1587,0.5287
2026-03-05,296,-0.1597,-0.2162,-0.1027,0.4865
2026-03-06,164,-0.1972,-0.273,-0.1198,0.5122
2026-03-07,119,-0.1135,-0.1993,-0.0305,0.4538
2026-03-08,178,-0.1755,-0.2454,-0.1074,0.4944
2026-03-09,235,-0.1569,-0.2221,-0.091,0.4809
2026-03-10,230,-0.2163,-0.2775,-0.1551,0.5391
2026-03-11,117,-0.2514,-0.3456,-0.1467,0.641
2026-03-12,232,-0.2261,-0.2922,-0.158,0.6078
2026-03-13,99,-0.1919,-0.2862,-0.0994,0.4747
2026-03-14,89,-0.1806,-0.2821,-0.0719,0.5281
2026-03-15,232,-0.1023,-0.1674,-0.0348,0.5
2026-03-16,115,-0.2119,-0.303,-0.1125,0.6174
2026-03-17,332,-0.2112,-0.2686,-0.158,0.5422
2026-03-18,194,-0.1021,-0.1805,-0.0328,0.4691
2026-03-19,46,-0.1498,-0.3097,-0.0008,0.5
2026-03-20,149,-0.2401,-0.3236,-0.1535,0.6309
