id,created_date,score,upvote_ratio,num_comments,domain,flair,title
1rl58eu,2026-03-05T02:21:23.000Z,36098,0.95,2046,lgbtqnation.com,No Paywall,GOP senator allegedly breaks Marine’s hand during protest against Iran war
1riwvlu,2026-03-02T16:07:12.000Z,33342,0.96,876,newsweek.com,Paywall,Draft Barron Trump website launches as US strikes Iran
1rlvtyy,2026-03-05T22:26:04.000Z,33253,0.96,2312,people.com,No Paywall,"Trump Says 'I Guess' Americans Should Worry About Iran Retaliating on U.S. Soil: 'Like I Said, Some People Will Die'"
1rv3ygn,2026-03-16T08:36:33.000Z,32458,0.96,2494,huffpost.com,No Paywall,Donald Trump Stuns With 'Maybe We Shouldn't Even Be There' Admission About Iran War
1rgzu5x,2026-02-28T11:01:32.000Z,30427,0.92,2274,thedailybeast.com,Possible Paywall,MAGA Melts Down Over Iran War No One Voted For
1rjsxvr,2026-03-03T15:54:32.000Z,29336,0.97,1015,newrepublic.com,Possible Paywall,Kash Patel Fired Entire Team of Iran Experts Right Before Trump’s War
1rwcjn6,2026-03-17T17:07:18.000Z,29082,0.98,800,telegraph.co.uk,Possible Paywall,Half of Americans believe Trump bombed Iran because of Epstein files
1rrvzfj,2026-03-12T16:46:31.000Z,26685,0.91,3992,newrepublic.com,Possible Paywall,John Fetterman Says Iran Girls’ School Strike Is Just a Leftist Craze
1rjw3qb,2026-03-03T17:49:40.000Z,26031,0.95,2722,newrepublic.com,Possible Paywall,Military Leaders Say Iran War Is So Trump Can Bring About “Armageddon”
1rw7roa,2026-03-17T14:16:44.000Z,25246,0.98,799,bbc.co.uk,Possible Paywall,Top US counterterrorism official resigns over Iran war
