domain,posts,share,median_score
newrepublic.com,21,0.21,8341
commondreams.org,11,0.11,11434
independent.co.uk,9,0.09,9507
thehill.com,6,0.06,11179
huffpost.com,5,0.05,19719
thedailybeast.com,5,0.05,7851
newsweek.com,4,0.04,13998
nbcnews.com,3,0.03,8148
reuters.com,2,0.02,11484
axios.com,2,0.02,9614
haaretz.com,2,0.02,8597
cnn.com,2,0.02,6303
asiatimes.com,2,0.02,6257
lgbtqnation.com,1,0.01,36098
people.com,1,0.01,33253
telegraph.co.uk,1,0.01,29082
bbc.co.uk,1,0.01,25246
vanityfair.com,1,0.01,24408
foxnews.com,1,0.01,21198
jewishinsider.com,1,0.01,19286
nytimes.com,1,0.01,17396
apnews.com,1,0.01,17059
rollingstone.com,1,0.01,16529
cnbc.com,1,0.01,15786
ms.now,1,0.01,15773
jpost.com,1,0.01,10878
investors.com,1,0.01,10540
bostonglobe.com,1,0.01,9800
politico.com,1,0.01,9367
theguardian.com,1,0.01,7662
economist.com,1,0.01,7212
aljazeera.com,1,0.01,6718
advocate.com,1,0.01,6155
truthout.org,1,0.01,5999
fortune.com,1,0.01,5880
scientificamerican.com,1,0.01,5861
sfchronicle.com,1,0.01,5199
nbc24.com,1,0.01,4848
abc.net.au,1,0.01,4393
