rank,title_term,title_count,comment_term,comment_count
1,iran,103,trump,1152
2,war,66,war,987
3,trump,60,iran,664
4,hegseth,9,israel,301
5,strikes,8,military,243
6,donald,7,president,227
7,americans,5,world,212
8,experts,5,country,211
9,official,5,epstein,200
10,nuclear,5,american,195
11,democrats,5,fucking,180
12,team,4,administration,169
13,epstein,4,oil,161
14,school,4,maga,159
15,briefing,4,shit,159
16,told,4,money,155
17,israel,4,fuck,147
18,coverage,4,republicans,145
19,senator,3,years,142
20,die,3,america,141
21,admission,3,nuclear,138
22,files,3,anything,133
23,military,3,actually,132
24,leaders,3,end,132
25,armageddon,3,let,128
